instance_id,raw_pred_speedup_ratio,pred_speedup_ratio,gold_speedup_ratio,human_speedup_ratio,correctness,correctness_pct,pre_edit_runtime
astropy__astropy-12699,1.4091490863032383,1.4091490863032383,1.3811230174462261,1.0202922321205203,1.0,1.0,0.0022095445119739454
astropy__astropy-13471,29.770323386425837,29.770323386425837,31.058806476002474,0.9585147262316026,1.0,1.0,0.005246596770995211
astropy__astropy-13898,31.61766302266189,31.61766302266189,24.88535961843615,1.2705326950243532,1.0,1.0,0.00013406332997965365
astropy__astropy-15900,5.425664927319,5.425664927319,0.9662365213091113,5.615255486273697,1.0,1.0,0.0006610313430264796
astropy__astropy-16295,16.37075616776457,16.37075616776457,23.561596287239663,0.6948067511296141,1.0,1.0,0.0003019285200352897
astropy__astropy-7010,2.717873158148822,2.717873158148822,1.4647375614175768,1.8555359197032246,1.0,1.0,0.00034361775004072115
astropy__astropy-7422,1286.7334315574017,1286.7334315574017,1270.04156337547,1.0131427731684375,1.0,1.0,0.8985267192998435
astropy__astropy-7616,2.8626747316553653,2.8626747316553653,1.3031997284767582,2.1966508042488586,1.0,1.0,0.027694271470054446
dask__dask-10356,12.541667266942527,12.541667266942527,8.590161498084276,1.4600036646272005,1.0,1.0,2.76848862742002
dask__dask-10428,0.9652112703451713,0.9652112703451713,4.019713006221424,0.24011944854055164,1.0,1.0,6.303281122199974
dask__dask-5501,4.461055036772976,4.461055036772976,4.546777088675301,0.9811466341475517,1.0,1.0,0.48121759819998716
dask__dask-5553,5.817193226114807,5.817193226114807,3.8634334558851062,1.5057055576442167,1.0,1.0,1.3473547476699788
matplotlib__matplotlib-17995,17.367076285446366,17.367076285446366,11.652663657287146,1.4903953976725002,1.0,1.0,3.786355430000185
matplotlib__matplotlib-22108,1.3282716697865378,1.0,2.0132072861393913,0.49671983947447407,0.0,0.9995902479000205,0.00022374766248321976
numpy__numpy-12575,31.282191359478805,31.282191359478805,5.629808110097341,5.556528881219351,1.0,1.0,2.002581129699938
numpy__numpy-18324,2.471914419925433,2.471914419925433,1.1937727146371389,2.0706742494753705,1.0,1.0,0.00041571740700010193
numpy__numpy-21832,0.974299405432726,0.974299405432726,1.201523443612377,0.8108867210310083,1.0,1.0,0.0005307332359989232
numpy__numpy-25788,2.273380244712801,2.273380244712801,1.3138802840757489,1.7302795941656237,1.0,1.0,0.00027934193503824644
numpy__numpy-27830,1.6741850462207748,1.6741850462207748,1.6728561296738922,1.0007943997832867,1.0,1.0,0.29704124313000646
pandas-dev__pandas-23888,14.503370987125056,14.503370987125056,8.58875065425062,1.6886473447622163,1.0,1.0,0.037249000100109696
pandas-dev__pandas-24083,333.8912040423366,333.8912040423366,24.439618969706373,13.661882554560469,1.0,1.0,2.2242525603601098
pandas-dev__pandas-24308,18.903202527700373,18.903202527700373,14.139851795587175,1.336874162542479,1.0,1.0,0.6296250479599985
pandas-dev__pandas-25953,1.3571227658986846,1.3571227658986846,1.166131797849462,1.1637816312027862,1.0,1.0,0.09110930114298207
pandas-dev__pandas-26702,6.196809300194662,6.196809300194662,6.280455986804709,0.9866814309684219,1.0,1.0,1.252494196200041
pandas-dev__pandas-27448,2.5323875869964056,2.5323875869964056,2.305981650632695,1.0981820199226613,1.0,1.0,0.0010805192479911056
pandas-dev__pandas-29820,2.7430379482219935,2.7430379482219935,2.673439649167185,1.0260332411380557,1.0,1.0,0.0037659980269745576
pandas-dev__pandas-32825,9.65649599713587,9.65649599713587,9.527273083519614,1.0135634732502616,1.0,1.0,0.061413134799931865
pandas-dev__pandas-34178,2.3477225858912414,2.3477225858912414,2.1113956333466954,1.1119292608225928,1.0,1.0,0.10707728687995768
pandas-dev__pandas-34192,1.0246462734752475,1.0246462734752475,1.0587517840244587,0.9677870573029199,1.0,1.0,0.001199744064009792
pandas-dev__pandas-36638,96.90248240907327,96.90248240907327,59.42708636091636,1.6306113650021297,1.0,1.0,0.5882440716004567
pandas-dev__pandas-37064,0.9946715949459851,0.9946715949459851,14.54385174633047,0.06839120834664371,1.0,1.0,0.4287668448000477
pandas-dev__pandas-38560,1456.709557341669,1456.709557341669,794.9512037351047,1.832451539789198,1.0,1.0,0.11396887876027904
pandas-dev__pandas-39332,31.589963044563333,1.0,29.068980850551423,0.03440093084587899,0.0,0.9998457545619764,0.04368377607992443
pandas-dev__pandas-39972,2.1748353188036025,2.1748353188036025,1.796293921510716,1.2107346647226453,1.0,1.0,0.2261261469100282
pandas-dev__pandas-40818,1.1091781304835748,1.1091781304835748,1.9519532165097477,0.5682401202559948,1.0,1.0,0.42125633125000606
pandas-dev__pandas-42353,1.8020750716083147,1.8020750716083147,1.069593487201336,1.6848224051210021,1.0,1.0,0.012395873502979157
pandas-dev__pandas-42704,1.006016666657728,1.006016666657728,1.8467575424626903,0.5447475608065926,1.0,1.0,0.059351572449959346
pandas-dev__pandas-42841,1.0217009683126648,1.0217009683126648,1.6070559658538823,0.6357594197223873,1.0,1.0,0.020650586070010378
pandas-dev__pandas-43073,1.1562104186440063,1.1562104186440063,1.051647742593662,1.09942747159088,1.0,1.0,0.1531757381998068
pandas-dev__pandas-43243,1.0335820208953217,1.0335820208953217,1.1096668675217196,0.9314345153006844,1.0,1.0,1.0932618913999612
pandas-dev__pandas-43285,2.868004442060966,2.868004442060966,2.5984878355900745,1.10372055731009,1.0,1.0,0.08302804307993938
pandas-dev__pandas-43335,2.0101137237556723,2.0101137237556723,2.049816337622735,0.9806311360006489,1.0,1.0,0.02647621596499994
pandas-dev__pandas-43352,1.485962816324969,1.485962816324969,1.5345137570750738,0.9683607002372873,1.0,1.0,0.07802779294997436
pandas-dev__pandas-43518,2.578565558058146,2.578565558058146,1.815699897253494,1.4201496414460317,1.0,1.0,0.10596898390203568
pandas-dev__pandas-43683,3.052681549146395,3.052681549146395,3.0072941408364318,1.015092440640788,1.0,1.0,0.37192344674999733
pandas-dev__pandas-43694,1.0121358464435637,1.0121358464435637,1.096223004208227,0.9232937482228835,1.0,1.0,0.007707543617000738
pandas-dev__pandas-44566,371.88408718704795,371.88408718704795,230.10281917137817,1.6161648454644642,1.0,1.0,7.661462738999944
pandas-dev__pandas-44594,243.29852837325384,243.29852837325384,16.685184603722195,14.581710310773419,1.0,1.0,0.013304597782994278
pandas-dev__pandas-44827,1366.5560081327271,1366.5560081327271,225.64209158700095,6.056299152881338,1.0,1.0,1.0155524724000542
pandas-dev__pandas-44908,6.639288694296731,6.639288694296731,2.678253956811487,2.478961592649314,1.0,1.0,0.5751092600799893
pandas-dev__pandas-45387,37.80045848933695,37.80045848933695,5.914567304220961,6.391077579311754,1.0,1.0,0.22049849611998978
pandas-dev__pandas-46040,4.050261725449924,4.050261725449924,3.8388638360384437,1.0550678269510165,1.0,1.0,1.203237562150025
pandas-dev__pandas-46109,12.378445430935537,12.378445430935537,3.6947031042945198,3.350322091252072,1.0,1.0,0.027916672366004605
pandas-dev__pandas-46349,550.8265171025589,550.8265171025589,556.2841044592216,0.9901892085124954,1.0,1.0,1.300412640149807
pandas-dev__pandas-48152,52.841142311798436,52.841142311798436,48.44154109918462,1.0908228993707194,1.0,1.0,0.29051918008995925
pandas-dev__pandas-48723,5919.152266066458,5919.152266066458,1263.5139681015764,4.684674974317819,1.0,1.0,0.40312924878997364
pandas-dev__pandas-48752,1.014919958081563,1.014919958081563,2.6908869964721522,0.377169297488954,1.0,1.0,0.2896987119999994
pandas-dev__pandas-49177,3.979215844788802,3.979215844788802,3.437425894949353,1.1576150196097337,1.0,1.0,0.004670832504973078
pandas-dev__pandas-49772,1.5499251696612968,1.5499251696612968,2.1162576387985443,0.7323896397327267,1.0,1.0,0.23288421367986303
pandas-dev__pandas-49839,8.363615695681181,8.363615695681181,6.190121151325909,1.3511231026374526,1.0,1.0,0.00016626726700451398
pandas-dev__pandas-50078,1.503895635238924,1.503895635238924,2.089875281105598,0.7196102316896749,1.0,1.0,0.712094565260013
pandas-dev__pandas-50168,2.342014191436546,2.342014191436546,2.384910252651828,0.9820135532699459,1.0,1.0,0.27307342144009455
pandas-dev__pandas-50620,5.677753282494383,5.677753282494383,5.311935995719193,1.0688670358735488,1.0,1.0,0.04885607714997604
pandas-dev__pandas-51518,19.921697081999074,19.921697081999074,20.208432781332505,0.985811086765803,1.0,1.0,0.5221895029999724
pandas-dev__pandas-52430,635.1547799169788,635.1547799169788,649.3563205810389,0.9781298183848389,1.0,1.0,0.13208655360801458
pandas-dev__pandas-52525,5.743903501277873,5.743903501277873,3.037423795347343,1.8910444798899166,1.0,1.0,1.8216632369199761
pandas-dev__pandas-52672,1.424486977735268,1.424486977735268,1.1692360848205894,1.218305692262179,1.0,1.0,5.6497994010002
pandas-dev__pandas-52836,4.489068811221893,4.489068811221893,4.237758872634781,1.059302557351703,1.0,1.0,1.9120064167002055
pandas-dev__pandas-53088,5.694836944178829,5.694836944178829,2.520773726109576,2.2591622902099697,1.0,1.0,2.3168598932998066
pandas-dev__pandas-53152,2.179387343134733,2.179387343134733,1.456594145648793,1.4962214077580236,1.0,1.0,0.1632264328859892
pandas-dev__pandas-53731,1.0211287119681316,1.0211287119681316,1.2254006585640598,0.8333019121800566,1.0,1.0,4.555065508199959
pandas-dev__pandas-54299,0.9948115665301269,0.9948115665301269,2.528422749457449,0.39345143795419274,1.0,1.0,0.4127390836598897
pandas-dev__pandas-55084,0.9990311335802774,0.9990311335802774,1.1847310702804226,0.8432556203188032,1.0,1.0,0.8642433085799894
pandas-dev__pandas-56089,5.866593810579825,5.866593810579825,5.110775257552349,1.1478872607263606,1.0,1.0,0.15098804755999481
pandas-dev__pandas-56110,12.931564376832656,12.931564376832656,6.943478675849716,1.8624042760886195,1.0,1.0,0.2343664722399626
pandas-dev__pandas-56128,60.85251502259852,60.85251502259852,63.28435210152389,0.9615728533488958,1.0,1.0,5.662285172599695
pandas-dev__pandas-56345,4.821969493727471,4.821969493727471,4.984035541551688,0.9674829670709448,1.0,1.0,0.26342676495000433
pandas-dev__pandas-56508,19.47319473214006,19.47319473214006,29.902122045894036,0.6512311969783425,1.0,1.0,0.13614103419802995
pandas-dev__pandas-56806,4.17008196816272,4.17008196816272,4.74601132997706,0.8786498131227336,1.0,1.0,0.0035367658580034915
pandas-dev__pandas-57459,0.956825565204601,0.956825565204601,1.8669119108079237,0.5125177892247341,1.0,1.0,0.08350430761001917
pandas-dev__pandas-57479,0.9885749899881247,0.9885749899881247,1.8923895836047684,0.5223950705250721,1.0,1.0,0.28992875756993725
pandas-dev__pandas-57855,3.0135955711688944,3.0135955711688944,2.901400874904712,1.0386691467678926,1.0,1.0,0.009492236530006266
pydata__xarray-5661,417.249194426725,417.249194426725,91.11571453274189,4.579332956630538,1.0,1.0,3.7213392203000693
pydata__xarray-7382,244.70743240135567,244.70743240135567,115.42632750748346,2.1200313454093953,1.0,1.0,0.6241337321199808
pydata__xarray-9001,2.6106201977087395,2.6106201977087395,2.6169359806953794,0.9975865733693028,1.0,1.0,0.09472519270020711
scikit-learn__scikit-learn-15049,41.14386513234162,41.14386513234162,41.59969990984598,0.9890423541878369,1.0,1.0,2.729535797150129
scikit-learn__scikit-learn-17235,3.3934389551294677,3.3934389551294677,4.633128076359262,0.7324293434590418,1.0,1.0,0.2880620485700456
scikit-learn__scikit-learn-9843,6.645742419419401,6.645742419419401,2.1706184447142234,3.061681538550806,1.0,1.0,0.2779453515499972
scipy__scipy-10393,1.5988582887571228,1.5988582887571228,1.567660559364812,1.0199008192213188,1.0,1.0,1.610485601668188e-05
scipy__scipy-10467,5.187180840093063,5.187180840093063,2.9004807618651878,1.7883865696655703,1.0,1.0,0.2622640981200311
scipy__scipy-10939,2.1178109462514,2.1178109462514,2.056162308529452,1.0299823790496572,1.0,1.0,0.07912506984297034
scipy__scipy-11358,41.57453240051009,41.57453240051009,27.329417315469577,1.5212374241501734,1.0,1.0,0.3678224156399756
scipy__scipy-11517,1.1141436388374075,1.1141436388374075,1.522747086981905,0.7316668988319313,1.0,1.0,0.038606815520004605
scipy__scipy-18917,39.507491043026754,39.507491043026754,5.76365136344999,6.8545941715979275,1.0,1.0,0.7310079463198599
scipy__scipy-22660,1.0128842053826326,1.0128842053826326,32.466449076821895,0.031197874549999376,1.0,1.0,24.778814819667485
sympy__sympy-11675,13345.775604833636,13345.775604833636,186.00733835521567,71.74865100938862,1.0,1.0,30.994927107599505
sympy__sympy-15379,2248.7325676581004,2248.7325676581004,131.62839305742017,17.083947584752,1.0,1.0,12.581435456300005
sympy__sympy-16134,9891.321237239972,9891.321237239972,10072.922434194053,0.9819713496117464,1.0,1.0,15.25738812740019
sympy__sympy-20989,2.0778847093014825,2.0778847093014825,4.932821231997121,0.42123657265808157,1.0,1.0,35.28116345019971
sympy__sympy-21391,2.172628480392781,2.172628480392781,2.156942602688631,1.007272274044102,1.0,1.0,3.2866231309000797
